LINK,TITLE
https://finance.naver.com/news/news_read.nhn?article_id=0004562113&office_id=008&mode=LSS3D&type=0&section_id=101&section_id2=258&section_id3=402&date=20210324&page=1 ,SK바이오사이언스 4거래일 연속 '내리막'…시총 2조원 증발>SK바이오사이언스 4거래일 연속 '내리막'…시총 2조원 증발
https://finance.naver.com/news/news_read.nhn?article_id=0004518503&office_id=015&mode=LSS3D&type=0&section_id=101&section_id2=258&section_id3=402&date=20210324&page=1 ,"지노믹트리, 옵토레인과 액체생검 기반 진단기술 개발 MOU>지노믹트리, 옵토레인과 액체생검 기반 진단기술 개발 MOU"
https://finance.naver.com/news/news_read.nhn?article_id=0004607159&office_id=014&mode=LSS3D&type=0&section_id=101&section_id2=258&section_id3=402&date=20210324&page=1 ,"이베스트투자증권, 여의도 포스트타워로 본사 이전>이베스트투자증권, 여의도 포스트타워로 본사 이전"
https://finance.naver.com/news/news_read.nhn?article_id=0004607154&office_id=014&mode=LSS3D&type=0&section_id=101&section_id2=258&section_id3=402&date=20210324&page=1 ,"세화아이엠씨, 토지매입 위해 LH 감정평가 신청 … 재무건전화 ‘순항>세화아이엠씨, 토지매입 위해 LH 감정평가 신청 … 재무건전화 ‘순항"
https://finance.naver.com/news/news_read.nhn?article_id=0004607149&office_id=014&mode=LSS3D&type=0&section_id=101&section_id2=258&section_id3=402&date=20210324&page=1 ,"하나금융투자, 이은형 신임 대표 취임>하나금융투자, 이은형 신임 대표 취임"
https://finance.naver.com/news/news_read.nhn?article_id=0004518495&office_id=015&mode=LSS3D&type=0&section_id=101&section_id2=258&section_id3=402&date=20210324&page=1 ,"소마젠-스탠퍼드대, 자폐증상과 장내 미생물 관계 규명 공동 연구>소마젠-스탠퍼드대, 자폐증상과 장내 미생물 관계 규명 공동 연구"
https://finance.naver.com/news/news_read.nhn?article_id=0004562097&office_id=008&mode=LSS3D&type=0&section_id=101&section_id2=258&section_id3=402&date=20210324&page=1 ,"KT, 디즈니와 손잡나…콘텐츠 강화에 4%대↑>KT, 디즈니와 손잡나…콘텐츠 강화에 4%대↑"
https://finance.naver.com/news/news_read.nhn?article_id=0004768451&office_id=009&mode=LSS3D&type=0&section_id=101&section_id2=258&section_id3=402&date=20210324&page=1 ,"시티랩스, 220억원 규모 '제주 스마트시티 챌린지' 본사업자 선정>시티랩스, 220억원 규모 '제주 스마트시티 챌린지' 본사업자 선정"
https://finance.naver.com/news/news_read.nhn?article_id=0004871406&office_id=277&mode=LSS3D&type=0&section_id=101&section_id2=258&section_id3=402&date=20210324&page=1 ,"'[특징주]메드팩토, 노무라證 목표가 14만원 제시…기업가치 8조원 될 수 있어'>[특징주]메드팩토, 노무라證 목표가 14만원 제시…기업가치 8조원 될 수 있어"
https://finance.naver.com/news/news_read.nhn?article_id=0004871403&office_id=277&mode=LSS3D&type=0&section_id=101&section_id2=258&section_id3=402&date=20210324&page=1 ,"소마젠, 美 스탠퍼드와 '자폐증상과 마이크로바이옴 상관 관계 규명' 공동 연구 진행>소마젠, 美 스탠퍼드와 '자폐증상과 마이크로바이옴 상관 관계 규명' 공동 연구 진행"
https://finance.naver.com/news/news_read.nhn?article_id=0004562081&office_id=008&mode=LSS3D&type=0&section_id=101&section_id2=258&section_id3=402&date=20210324&page=1 ,"HMM, 2400억원 규모 CB 조기상환…52주 신고가 경신>HMM, 2400억원 규모 CB 조기상환…52주 신고가 경신"
https://finance.naver.com/news/news_read.nhn?article_id=0004768446&office_id=009&mode=LSS3D&type=0&section_id=101&section_id2=258&section_id3=402&date=20210324&page=1 ,위기의 쌍용차 상장폐지 기로…돈 묶인 5만 개미 '패닉'>위기의 쌍용차 상장폐지 기로…돈 묶인 5만 개미 '패닉'
https://finance.naver.com/news/news_read.nhn?article_id=0004607119&office_id=014&mode=LSS3D&type=0&section_id=101&section_id2=258&section_id3=402&date=20210324&page=1 ,"'비케이탑스, 폴리실리콘 가격 급등세...700억 추산 매각 기대'>비케이탑스, 폴리실리콘 가격 급등세...700억 추산 매각 기대"
https://finance.naver.com/news/news_read.nhn?article_id=0004607118&office_id=014&mode=LSS3D&type=0&section_id=101&section_id2=258&section_id3=402&date=20210324&page=1 ,"'[전문가진단] ESG 경영은 피할 수 없는 길, M&amp;A에서도 필수'>[전문가진단] ESG 경영은 피할 수 없는 길, M&amp;A에서도 필수"
https://finance.naver.com/news/news_read.nhn?article_id=0004518482&office_id=015&mode=LSS3D&type=0&section_id=101&section_id2=258&section_id3=402&date=20210324&page=1 ,'동아에스티 스텔라라 바이오시밀러 글로벌 개발 주력'>동아에스티 스텔라라 바이오시밀러 글로벌 개발 주력
https://finance.naver.com/news/news_read.nhn?article_id=0004768433&office_id=009&mode=LSS3D&type=0&section_id=101&section_id2=258&section_id3=402&date=20210324&page=1 ,SK바이오사이언스 '따상' 이후 연일 하락세…연기금은 순매수>SK바이오사이언스 '따상' 이후 연일 하락세…연기금은 순매수
https://finance.naver.com/news/news_read.nhn?article_id=0004607098&office_id=014&mode=LSS3D&type=0&section_id=101&section_id2=258&section_id3=402&date=20210324&page=1 ,"노보믹스, 기술성 평가 통과…연내 코스닥 상장 속도>노보믹스, 기술성 평가 통과…연내 코스닥 상장 속도"
https://finance.naver.com/news/news_read.nhn?article_id=0004518466&office_id=015&mode=LSS3D&type=0&section_id=101&section_id2=258&section_id3=402&date=20210324&page=1 ,"프로스테믹스, 염증성 피부질환 엑소좀 치료제 美 임상 추진>프로스테믹스, 염증성 피부질환 엑소좀 치료제 美 임상 추진"
https://finance.naver.com/news/news_read.nhn?article_id=0004607094&office_id=014&mode=LSS3D&type=0&section_id=101&section_id2=258&section_id3=402&date=20210324&page=1 ,"[특징주] 동아지질, 머스크 전기차 지하터널 공론화..스페이스X 공동투자자 피터딜 최대주주 부각>[특징주] 동아지질, 머스크 전기차 지하터널 공론화..스페이스X 공동투자자 피터딜 최대주주.."
https://finance.naver.com/news/news_read.nhn?article_id=0004768400&office_id=009&mode=LSS3D&type=0&section_id=101&section_id2=258&section_id3=402&date=20210324&page=1 ,썸에이지 신작 ‘데카론M’ 드디어 나온다…사전예약 실시>썸에이지 신작 ‘데카론M’ 드디어 나온다…사전예약 실시
https://finance.naver.com/news/news_read.nhn?article_id=0004871327&office_id=277&mode=LSS3D&type=0&section_id=101&section_id2=258&section_id3=402&date=20210324&page=2 ,"크리스탈지노믹스, 혈액암 치료제 ‘CG-806’ 완전 관해 확인>크리스탈지노믹스, 혈액암 치료제 ‘CG-806’ 완전 관해 확인"
https://finance.naver.com/news/news_read.nhn?article_id=0004768389&office_id=009&mode=LSS3D&type=0&section_id=101&section_id2=258&section_id3=402&date=20210324&page=2 ,'크리스탈지노믹스 혈액암 치료제 후보 임상 1상서 완전관해 사례 나와'>크리스탈지노믹스 혈액암 치료제 후보 임상 1상서 완전관해 사례 나와
https://finance.naver.com/news/news_read.nhn?article_id=0004768385&office_id=009&mode=LSS3D&type=0&section_id=101&section_id2=258&section_id3=402&date=20210324&page=2 ,컴투스 신작 ‘백년전쟁’ 사전예약 400만…흥행 기대감 ‘UP’>컴투스 신작 ‘백년전쟁’ 사전예약 400만…흥행 기대감 ‘UP’
https://finance.naver.com/news/news_read.nhn?article_id=0004518426&office_id=015&mode=LSS3D&type=0&section_id=101&section_id2=258&section_id3=402&date=20210324&page=2 ,"한양증권, 임직원 PC서 문서 없앤다>한양증권, 임직원 PC서 문서 없앤다"
https://finance.naver.com/news/news_read.nhn?article_id=0004518420&office_id=015&mode=LSS3D&type=0&section_id=101&section_id2=258&section_id3=402&date=20210324&page=2 ,"이퓨쳐 소액주주연대, 위임장 확보 총력…경영권 분쟁 격화>이퓨쳐 소액주주연대, 위임장 확보 총력…경영권 분쟁 격화"
https://finance.naver.com/news/news_read.nhn?article_id=0003887405&office_id=011&mode=LSS3D&type=0&section_id=101&section_id2=258&section_id3=402&date=20210324&page=2 ,'[특징주]OTT 콘텐츠 외주 늘어난다...중소형 제작사 강세'>[특징주]OTT 콘텐츠 외주 늘어난다...중소형 제작사 강세
https://finance.naver.com/news/news_read.nhn?article_id=0004518416&office_id=015&mode=LSS3D&type=0&section_id=101&section_id2=258&section_id3=402&date=20210324&page=2 ,'크리스탈지노믹스 급성골수성백혈병 1상서 완전관해 확인'>크리스탈지노믹스 급성골수성백혈병 1상서 완전관해 확인
https://finance.naver.com/news/news_read.nhn?article_id=0004871287&office_id=277&mode=LSS3D&type=0&section_id=101&section_id2=258&section_id3=402&date=20210324&page=2 ,"선거 예측, 정치 테마주는 이미 알고있다?>선거 예측, 정치 테마주는 이미 알고있다?"
https://finance.naver.com/news/news_read.nhn?article_id=0004871282&office_id=277&mode=LSS3D&type=0&section_id=101&section_id2=258&section_id3=402&date=20210324&page=2 ,[실전재테크]금리 상승 수혜 기대감 은행·보험 경기방어주가 뜬다>[실전재테크]금리 상승 수혜 기대감 은행·보험 경기방어주가 뜬다
https://finance.naver.com/news/news_read.nhn?article_id=0004871281&office_id=277&mode=LSS3D&type=0&section_id=101&section_id2=258&section_id3=402&date=20210324&page=2 ,"[실전재테크]금리 상승으로 변동성 커진 증시, 투자전략은>[실전재테크]금리 상승으로 변동성 커진 증시, 투자전략은"
https://finance.naver.com/news/news_read.nhn?article_id=0004768362&office_id=009&mode=LSS3D&type=0&section_id=101&section_id2=258&section_id3=402&date=20210324&page=2 ,"세화아이엠씨, 토지 매입 위해 감정평가 신청…재무건전화 순항>세화아이엠씨, 토지 매입 위해 감정평가 신청…재무건전화 순항"
https://finance.naver.com/news/news_read.nhn?article_id=0004871265&office_id=277&mode=LSS3D&type=0&section_id=101&section_id2=258&section_id3=402&date=20210324&page=2 ,"세화아이엠씨, 토지매입 위해 LH 감정평가 신청… 재무건전화 ‘순항’>세화아이엠씨, 토지매입 위해 LH 감정평가 신청… 재무건전화 ‘순항’"
https://finance.naver.com/news/news_read.nhn?article_id=0004607033&office_id=014&mode=LSS3D&type=0&section_id=101&section_id2=258&section_id3=402&date=20210324&page=2 ,금투협 '부동산투자자문인력' 과정 개설>금투협 '부동산투자자문인력' 과정 개설
https://finance.naver.com/news/news_read.nhn?article_id=0003887369&office_id=011&mode=LSS3D&type=0&section_id=101&section_id2=258&section_id3=402&date=20210324&page=2 ,[주식 초고수는 지금]HMM 매수·매도 모두 1위...서연·신풍도 관심>[주식 초고수는 지금]HMM 매수·매도 모두 1위...서연·신풍도 관심
https://finance.naver.com/news/news_read.nhn?article_id=0004871195&office_id=277&mode=LSS3D&type=0&section_id=101&section_id2=258&section_id3=402&date=20210324&page=2 ,"[특징주]SK바사, 나흘연속 하락…14만원 아래 '털썩'>[특징주]SK바사, 나흘연속 하락…14만원 아래 '털썩'"
https://finance.naver.com/news/news_read.nhn?article_id=0004871194&office_id=277&mode=LSS3D&type=0&section_id=101&section_id2=258&section_id3=402&date=20210324&page=2 ,한국투자증권 365일 상시채용.. 채용 규모 확대>한국투자증권 365일 상시채용.. 채용 규모 확대
https://finance.naver.com/news/news_read.nhn?article_id=0004518387&office_id=015&mode=LSS3D&type=0&section_id=101&section_id2=258&section_id3=402&date=20210324&page=2 ,"에스씨엠생명과학, 인천시 '글로벌 IP스타기업' 선정>에스씨엠생명과학, 인천시 '글로벌 IP스타기업' 선정"
https://finance.naver.com/news/news_read.nhn?article_id=0004871192&office_id=277&mode=LSS3D&type=0&section_id=101&section_id2=258&section_id3=402&date=20210324&page=2 ,"[포스트 IPO]서남, 상장 후 매출 10배 예상했지만 그대로인 이유>[포스트 IPO]서남, 상장 후 매출 10배 예상했지만 그대로인 이유"
https://finance.naver.com/news/news_read.nhn?article_id=0004768341&office_id=009&mode=LSS3D&type=0&section_id=101&section_id2=258&section_id3=402&date=20210324&page=2 ,"젬백스, 투자주의 환기종목 해제…사상 최대 매출 기록>젬백스, 투자주의 환기종목 해제…사상 최대 매출 기록"
https://finance.naver.com/news/news_read.nhn?article_id=0004606992&office_id=014&mode=LSS3D&type=0&section_id=101&section_id2=258&section_id3=402&date=20210324&page=2 ,'글로벌 CEO 45% 2022년까지 비즈니스 정상화 어렵다'>글로벌 CEO 45% 2022년까지 비즈니스 정상화 어렵다
https://finance.naver.com/news/news_read.nhn?article_id=0004871184&office_id=277&mode=LSS3D&type=0&section_id=101&section_id2=258&section_id3=402&date=20210324&page=3 ,"시티랩스, 220억원 규모 ‘제주 스마트시티 챌린지’ 본사업자 선정>시티랩스, 220억원 규모 ‘제주 스마트시티 챌린지’ 본사업자 선정"
https://finance.naver.com/news/news_read.nhn?article_id=0004768333&office_id=009&mode=LSS3D&type=0&section_id=101&section_id2=258&section_id3=402&date=20210324&page=3 ,"엔씨소프트, ‘리니지2M’ 대만·일본 출시 성공적…초반 매출 상위권 진입>엔씨소프트, ‘리니지2M’ 대만·일본 출시 성공적…초반 매출 상위권 진입"
https://finance.naver.com/news/news_read.nhn?article_id=0004871180&office_id=277&mode=LSS3D&type=0&section_id=101&section_id2=258&section_id3=402&date=20210324&page=3 ,"[특징주]형지I&amp;C, 美 아마존 입점 소식에 '상한가'>[특징주]형지I&amp;C, 美 아마존 입점 소식에 '상한가'"
https://finance.naver.com/news/news_read.nhn?article_id=0003887333&office_id=011&mode=LSS3D&type=0&section_id=101&section_id2=258&section_id3=402&date=20210324&page=3 ,"'미국 시장에 투자하세요···한화증권, 3종 랩 상품 출시'>미국 시장에 투자하세요···한화증권, 3종 랩 상품 출시"
https://finance.naver.com/news/news_read.nhn?article_id=0004606973&office_id=014&mode=LSS3D&type=0&section_id=101&section_id2=258&section_id3=402&date=20210324&page=3 ,"대원화성, 미국 전기차 전문기업 리비안에 친환경 시트 소재 공급 확정>대원화성, 미국 전기차 전문기업 리비안에 친환경 시트 소재 공급 확정"
https://finance.naver.com/news/news_read.nhn?article_id=0004871173&office_id=277&mode=LSS3D&type=0&section_id=101&section_id2=258&section_id3=402&date=20210324&page=3 ,"[특징주]전기차 배터리株, 다시 반등…SK이노 2%↑>[특징주]전기차 배터리株, 다시 반등…SK이노 2%↑"
https://finance.naver.com/news/news_read.nhn?article_id=0001811203&office_id=016&mode=LSS3D&type=0&section_id=101&section_id2=258&section_id3=402&date=20210324&page=3 ,[특징주] 탑텐몰 고속성장 기대감…신성통상 주가 탄력세>[특징주] 탑텐몰 고속성장 기대감…신성통상 주가 탄력세
https://finance.naver.com/news/news_read.nhn?article_id=0004518358&office_id=015&mode=LSS3D&type=0&section_id=101&section_id2=258&section_id3=402&date=20210324&page=3 ,"인재채용 수시로…한국투자증권, 상시채용 제도 도입>인재채용 수시로…한국투자증권, 상시채용 제도 도입"
https://finance.naver.com/news/news_read.nhn?article_id=0004606958&office_id=014&mode=LSS3D&type=0&section_id=101&section_id2=258&section_id3=402&date=20210324&page=3 ,"시티랩스, 220억원 규모 ‘제주 스마트시티 챌린지’ 본사업자 선정>시티랩스, 220억원 규모 ‘제주 스마트시티 챌린지’ 본사업자 선정"
https://finance.naver.com/news/news_read.nhn?article_id=0004606956&office_id=014&mode=LSS3D&type=0&section_id=101&section_id2=258&section_id3=402&date=20210324&page=3 ,"[특징주] 대성엘텍, 정부 자율주행 상용화 1.1조 투자...국책과제 주관사 선정↑>[특징주] 대성엘텍, 정부 자율주행 상용화 1.1조 투자...국책과제 주관사 선정↑"
https://finance.naver.com/news/news_read.nhn?article_id=0004518345&office_id=015&mode=LSS3D&type=0&section_id=101&section_id2=258&section_id3=402&date=20210324&page=3 ,"'루닛 AI, 암 치료의 새로운 바이오마커로 활용 가능'>루닛 AI, 암 치료의 새로운 바이오마커로 활용 가능"
https://finance.naver.com/news/news_read.nhn?article_id=0004518329&office_id=015&mode=LSS3D&type=0&section_id=101&section_id2=258&section_id3=402&date=20210324&page=3 ,"한투운용, 'KINDEX 미국나스닥100 ETF' 거래고객 이벤트>한투운용, 'KINDEX 미국나스닥100 ETF' 거래고객 이벤트"
https://finance.naver.com/news/news_read.nhn?article_id=0004768309&office_id=009&mode=LSS3D&type=0&section_id=101&section_id2=258&section_id3=402&date=20210324&page=3 ,"씨티케이코스메틱스, '팝인보더' 플랫폼 서비스 개시>씨티케이코스메틱스, '팝인보더' 플랫폼 서비스 개시"
https://finance.naver.com/news/news_read.nhn?article_id=0004768301&office_id=009&mode=LSS3D&type=0&section_id=101&section_id2=258&section_id3=402&date=20210324&page=3 ,"콘텐츠 드라이브 건 KT, 미디어 자회사도 동반 상승>콘텐츠 드라이브 건 KT, 미디어 자회사도 동반 상승"
https://finance.naver.com/news/news_read.nhn?article_id=0004768296&office_id=009&mode=LSS3D&type=0&section_id=101&section_id2=258&section_id3=402&date=20210324&page=3 ,주병진이 설립한 속옷 회사 '좋은사람들' 상폐위기…무슨일이?>주병진이 설립한 속옷 회사 '좋은사람들' 상폐위기…무슨일이?
https://finance.naver.com/news/news_read.nhn?article_id=0004606923&office_id=014&mode=LSS3D&type=0&section_id=101&section_id2=258&section_id3=402&date=20210324&page=3 ,"[특징주] 자이언트스텝, 코스닥 상장 첫 날 '따상' 직행>[특징주] 자이언트스텝, 코스닥 상장 첫 날 '따상' 직행"
https://finance.naver.com/news/news_read.nhn?article_id=0003887283&office_id=011&mode=LSS3D&type=0&section_id=101&section_id2=258&section_id3=402&date=20210324&page=3 ,[특징주]SK바이오사이언스 4일 연속 하락...14만원대 아래로>[특징주]SK바이오사이언스 4일 연속 하락...14만원대 아래로
https://finance.naver.com/news/news_read.nhn?article_id=0004606920&office_id=014&mode=LSS3D&type=0&section_id=101&section_id2=258&section_id3=402&date=20210324&page=3 ,"[특징주] 동원시스템즈, 국내 1위 공장 화재...캔 공급 대란 소식에↑>[특징주] 동원시스템즈, 국내 1위 공장 화재...캔 공급 대란 소식에↑"
https://finance.naver.com/news/news_read.nhn?article_id=0004768280&office_id=009&mode=LSS3D&type=0&section_id=101&section_id2=258&section_id3=402&date=20210324&page=3 ,"대웅제약, 에볼루스가 메디톡스·애브비에 줄 합의금·로열티 일부 부담키로>대웅제약, 에볼루스가 메디톡스·애브비에 줄 합의금·로열티 일부 부담키로"
https://finance.naver.com/news/news_read.nhn?article_id=0004871103&office_id=277&mode=LSS3D&type=0&section_id=101&section_id2=258&section_id3=402&date=20210324&page=3 ,"[특징주]코퍼스코리아, 아마존 한국 OTT 최고속 진출 소식에 '강세'>[특징주]코퍼스코리아, 아마존 한국 OTT 최고속 진출 소식에 '강세'"
https://finance.naver.com/news/news_read.nhn?article_id=0004561885&office_id=008&mode=LSS3D&type=0&section_id=101&section_id2=258&section_id3=402&date=20210324&page=4 ,"씨유메디칼, 전문경영인 영입 기업체질 개선… “연내 흑자 전환”>씨유메디칼, 전문경영인 영입 기업체질 개선… “연내 흑자 전환”"
https://finance.naver.com/news/news_read.nhn?article_id=0004518292&office_id=015&mode=LSS3D&type=0&section_id=101&section_id2=258&section_id3=402&date=20210324&page=4 ,"'셀리버리 대량생산 임상시약, 파킨슨병 세포실험서 효능 입증'>셀리버리 대량생산 임상시약, 파킨슨병 세포실험서 효능 입증"
https://finance.naver.com/news/news_read.nhn?article_id=0004871099&office_id=277&mode=LSS3D&type=0&section_id=101&section_id2=258&section_id3=402&date=20210324&page=4 ,"[기로의 상장사]삼부토건, 부실 털어내고 부활 기지개 펴나>[기로의 상장사]삼부토건, 부실 털어내고 부활 기지개 펴나"
https://finance.naver.com/news/news_read.nhn?article_id=0004606900&office_id=014&mode=LSS3D&type=0&section_id=101&section_id2=258&section_id3=402&date=20210324&page=4 ,"[특징주]형지I&amp;C, 아마존 미국 정식 오픈 소식에 강세>[특징주]형지I&amp;C, 아마존 미국 정식 오픈 소식에 강세"
https://finance.naver.com/news/news_read.nhn?article_id=0004871097&office_id=277&mode=LSS3D&type=0&section_id=101&section_id2=258&section_id3=402&date=20210324&page=4 ,"[기로의 상장사]오리엔트바이오,  8년간 손실 누적 '자본잠식' 도돌이표>[기로의 상장사]오리엔트바이오,  8년간 손실 누적 '자본잠식' 도돌이표"
https://finance.naver.com/news/news_read.nhn?article_id=0003887262&office_id=011&mode=LSS3D&type=0&section_id=101&section_id2=258&section_id3=402&date=20210324&page=4 ,[특징주]폭스바겐發 우려 마무리?...국내 배터리 3사 반등>[특징주]폭스바겐發 우려 마무리?...국내 배터리 3사 반등
https://finance.naver.com/news/news_read.nhn?article_id=0004871096&office_id=277&mode=LSS3D&type=0&section_id=101&section_id2=258&section_id3=402&date=20210324&page=4 ,"제노코, 세계 최고속 위성통신 기술…우주항공 핵심 '우뚝'>제노코, 세계 최고속 위성통신 기술…우주항공 핵심 '우뚝'"
https://finance.naver.com/news/news_read.nhn?article_id=0003887258&office_id=011&mode=LSS3D&type=0&section_id=101&section_id2=258&section_id3=402&date=20210324&page=4 ,[특징주] 23조원 인텔 '통 큰' 투자 소식에 반도체주 약세>[특징주] 23조원 인텔 '통 큰' 투자 소식에 반도체주 약세
https://finance.naver.com/news/news_read.nhn?article_id=0004561881&office_id=008&mode=LSS3D&type=0&section_id=101&section_id2=258&section_id3=402&date=20210324&page=4 ,코스피 3000선 붕괴…삼성전자 8만원도 '간당간당'>코스피 3000선 붕괴…삼성전자 8만원도 '간당간당'
https://finance.naver.com/news/news_read.nhn?article_id=0004606889&office_id=014&mode=LSS3D&type=0&section_id=101&section_id2=258&section_id3=402&date=20210324&page=4 ,"[특징주] 오성첨단소재, 美대마산업 꽃 피운다…연방 규정 발효↑>[특징주] 오성첨단소재, 美대마산업 꽃 피운다…연방 규정 발효↑"
https://finance.naver.com/news/news_read.nhn?article_id=0004606888&office_id=014&mode=LSS3D&type=0&section_id=101&section_id2=258&section_id3=402&date=20210324&page=4 ,한양증권 “임직원 PC에서 문서 사라진다”>한양증권 “임직원 PC에서 문서 사라진다”
https://finance.naver.com/news/news_read.nhn?article_id=0000945887&office_id=215&mode=LSS3D&type=0&section_id=101&section_id2=258&section_id3=402&date=20210324&page=4 ,"[특징주] 제이준코스메틱, 감사보고서 제출 지연에 신저가>[특징주] 제이준코스메틱, 감사보고서 제출 지연에 신저가"
https://finance.naver.com/news/news_read.nhn?article_id=0004871082&office_id=277&mode=LSS3D&type=0&section_id=101&section_id2=258&section_id3=402&date=20210324&page=4 ,"KINDEX 나스닥100 ETF, 3억원 이상 거래시 '5만원 상품권'>KINDEX 나스닥100 ETF, 3억원 이상 거래시 '5만원 상품권'"
https://finance.naver.com/news/news_read.nhn?article_id=0004871081&office_id=277&mode=LSS3D&type=0&section_id=101&section_id2=258&section_id3=402&date=20210324&page=4 ,"[특징주]자이언트스텝, 코스닥 상장 첫날 '따상'…&quot;실감형 콘텐츠 잘 만들 수 있는 기업&quot;>[특징주]자이언트스텝, 코스닥 상장 첫날 '따상'…실감형 콘텐츠 잘 만들 수 있는 기업"
https://finance.naver.com/news/news_read.nhn?article_id=0004871077&office_id=277&mode=LSS3D&type=0&section_id=101&section_id2=258&section_id3=402&date=20210324&page=4 ,"[특징주]KT, 콘텐츠 사업 기대감↑…신고가>[특징주]KT, 콘텐츠 사업 기대감↑…신고가"
https://finance.naver.com/news/news_read.nhn?article_id=0004606872&office_id=014&mode=LSS3D&type=0&section_id=101&section_id2=258&section_id3=402&date=20210324&page=4 ,"[특징주]키이스트, ‘디즈니플러스’와 한국 오리지널 콘텐츠 제작 소식에 강세>[특징주]키이스트, ‘디즈니플러스’와 한국 오리지널 콘텐츠 제작 소식에 강세"
https://finance.naver.com/news/news_read.nhn?article_id=0003887242&office_id=011&mode=LSS3D&type=0&section_id=101&section_id2=258&section_id3=402&date=20210324&page=4 ,[특징주] 유럽 코로나19 재유행 우려에 여행·항공주 약세>[특징주] 유럽 코로나19 재유행 우려에 여행·항공주 약세
https://finance.naver.com/news/news_read.nhn?article_id=0003887241&office_id=011&mode=LSS3D&type=0&section_id=101&section_id2=258&section_id3=402&date=20210324&page=4 ,"코스피, 코로나19 재확산 변수에 3,000선 붕괴 [오전시황]>코스피, 코로나19 재확산 변수에 3,000선 붕괴 [오전시황]"
https://finance.naver.com/news/news_read.nhn?article_id=0004561871&office_id=008&mode=LSS3D&type=0&section_id=101&section_id2=258&section_id3=402&date=20210324&page=4 ,"항공우주기업 제노코, 상장 첫날 강세>항공우주기업 제노코, 상장 첫날 강세"
https://finance.naver.com/news/news_read.nhn?article_id=0004561866&office_id=008&mode=LSS3D&type=0&section_id=101&section_id2=258&section_id3=402&date=20210324&page=4 ,"자이언트스텝, 코스닥 상장 첫날 '따상' 성공>자이언트스텝, 코스닥 상장 첫날 '따상' 성공"
https://finance.naver.com/news/news_read.nhn?article_id=0004606861&office_id=014&mode=LSS3D&type=0&section_id=101&section_id2=258&section_id3=402&date=20210324&page=5 ,"체스터톤스호텔앤드레지던스, 국내 최초 ‘캠핑카 공유 업체’ 캠버와 MOU>체스터톤스호텔앤드레지던스, 국내 최초 ‘캠핑카 공유 업체’ 캠버와 MOU"
https://finance.naver.com/news/news_read.nhn?article_id=0004871065&office_id=277&mode=LSS3D&type=0&section_id=101&section_id2=258&section_id3=402&date=20210324&page=5 ,"실적 개선株 크게 늘 1분기, 대응전략은>실적 개선株 크게 늘 1분기, 대응전략은"
https://finance.naver.com/news/news_read.nhn?article_id=0000945874&office_id=215&mode=LSS3D&type=0&section_id=101&section_id2=258&section_id3=402&date=20210324&page=5 ,"[특징주] 제노코, 코스닥 상장 첫날 ‘강세’…공모가 상회>[특징주] 제노코, 코스닥 상장 첫날 ‘강세’…공모가 상회"
https://finance.naver.com/news/news_read.nhn?article_id=0004606840&office_id=014&mode=LSS3D&type=0&section_id=101&section_id2=258&section_id3=402&date=20210324&page=5 ,"NH-Amundi운용, ESG전담조직 구축 'ESG경영' 본격 시동>NH-Amundi운용, ESG전담조직 구축 'ESG경영' 본격 시동"
https://finance.naver.com/news/news_read.nhn?article_id=0000945873&office_id=215&mode=LSS3D&type=0&section_id=101&section_id2=258&section_id3=402&date=20210324&page=5 ,"[특징주] 자이언트스텝, 코스닥 상장 첫날 '따상'>[특징주] 자이언트스텝, 코스닥 상장 첫날 '따상'"
https://finance.naver.com/news/news_read.nhn?article_id=0004606836&office_id=014&mode=LSS3D&type=0&section_id=101&section_id2=258&section_id3=402&date=20210324&page=5 ,"[속보]코스피, 9거래일 만에 3000선 무너져>[속보]코스피, 9거래일 만에 3000선 무너져"
https://finance.naver.com/news/news_read.nhn?article_id=0000945872&office_id=215&mode=LSS3D&type=0&section_id=101&section_id2=258&section_id3=402&date=20210324&page=5 ,"코스피, 유럽 코로나19 재유행 우려에 3천선 붕괴…환율 상승>코스피, 유럽 코로나19 재유행 우려에 3천선 붕괴…환율 상승"
https://finance.naver.com/news/news_read.nhn?article_id=0004871054&office_id=277&mode=LSS3D&type=0&section_id=101&section_id2=258&section_id3=402&date=20210324&page=5 ,[클릭 e종목] KT=LGU+&gt;SKT>[클릭 e종목] KT=LGU+&gt;SKT
https://finance.naver.com/news/news_read.nhn?article_id=0004606826&office_id=014&mode=LSS3D&type=0&section_id=101&section_id2=258&section_id3=402&date=20210324&page=5 ,"셀리버리, 글로벌 생산기관 제조 임상의약품 'iCP-Parkin-파킨슨병' 치료효능 입증>셀리버리, 글로벌 생산기관 제조 임상의약품 'iCP-Parkin-파킨슨병' 치료효능 입증"
https://finance.naver.com/news/news_read.nhn?article_id=0004606820&office_id=014&mode=LSS3D&type=0&section_id=101&section_id2=258&section_id3=402&date=20210324&page=5 ,"비올, 국제 피부과 학회 ‘코리아 더마 2021’ 참가>비올, 국제 피부과 학회 ‘코리아 더마 2021’ 참가"
https://finance.naver.com/news/news_read.nhn?article_id=0004518242&office_id=015&mode=LSS3D&type=0&section_id=101&section_id2=258&section_id3=402&date=20210324&page=5 ,"이오플로우, 이오패치 전용 앱 식약처 품목허가 획득>이오플로우, 이오패치 전용 앱 식약처 품목허가 획득"
https://finance.naver.com/news/news_read.nhn?article_id=0003887223&office_id=011&mode=LSS3D&type=0&section_id=101&section_id2=258&section_id3=402&date=20210324&page=5 ,“중국 타이어 수요 심상치 않다”···효성첨단소재 목표가 ↑>“중국 타이어 수요 심상치 않다”···효성첨단소재 목표가 ↑
https://finance.naver.com/news/news_read.nhn?article_id=0004606808&office_id=014&mode=LSS3D&type=0&section_id=101&section_id2=258&section_id3=402&date=20210324&page=5 ,"코나아이, 플랫폼 사업자로의 변신 가속화-한화證>코나아이, 플랫폼 사업자로의 변신 가속화-한화證"
https://finance.naver.com/news/news_read.nhn?article_id=0004561834&office_id=008&mode=LSS3D&type=0&section_id=101&section_id2=258&section_id3=402&date=20210324&page=5 ,"한화손해보험, 타사 대비 큰 폭의 개선세-신한>한화손해보험, 타사 대비 큰 폭의 개선세-신한"
https://finance.naver.com/news/news_read.nhn?article_id=0004871026&office_id=277&mode=LSS3D&type=0&section_id=101&section_id2=258&section_id3=402&date=20210324&page=5 ,"'토종' 골프 브랜드 볼빅, 코로나19 여파로 감사의견 거절>'토종' 골프 브랜드 볼빅, 코로나19 여파로 감사의견 거절"
https://finance.naver.com/news/news_read.nhn?article_id=0004518232&office_id=015&mode=LSS3D&type=0&section_id=101&section_id2=258&section_id3=402&date=20210324&page=5 ,"아이진, 국내 최초 mRNA 코로나 백신 비임상 논문 발표>아이진, 국내 최초 mRNA 코로나 백신 비임상 논문 발표"
https://finance.naver.com/news/news_read.nhn?article_id=0004606806&office_id=014&mode=LSS3D&type=0&section_id=101&section_id2=258&section_id3=402&date=20210324&page=5 ,"데브시스터즈, 쿠키런:킹덤 이은 하반기 신작 기대감↑-유안타>데브시스터즈, 쿠키런:킹덤 이은 하반기 신작 기대감↑-유안타"
https://finance.naver.com/news/news_read.nhn?article_id=0004561831&office_id=008&mode=LSS3D&type=0&section_id=101&section_id2=258&section_id3=402&date=20210324&page=5 ,"'5G 1위 사업자' KT, 콘텐츠로 주도권 지켜나갈 것-대신>'5G 1위 사업자' KT, 콘텐츠로 주도권 지켜나갈 것-대신"
https://finance.naver.com/news/news_read.nhn?article_id=0004561830&office_id=008&mode=LSS3D&type=0&section_id=101&section_id2=258&section_id3=402&date=20210324&page=5 ,"삼성생명, 시장금리 상승 수혜 기대..목표가 ↑-교보>삼성생명, 시장금리 상승 수혜 기대..목표가 ↑-교보"
https://finance.naver.com/news/news_read.nhn?article_id=0004768235&office_id=009&mode=LSS3D&type=0&section_id=101&section_id2=258&section_id3=402&date=20210324&page=5 ,"'사상 최대 매출' 젬백스, 투자주의환기종목 해제…주요계열사도 호실적>'사상 최대 매출' 젬백스, 투자주의환기종목 해제…주요계열사도 호실적"
https://finance.naver.com/news/news_read.nhn?article_id=0004561827&office_id=008&mode=LSS3D&type=0&section_id=101&section_id2=258&section_id3=402&date=20210324&page=6 ,"데브시스터즈, 500% 넘게 올랐지만 주가 더 간다-유안타>데브시스터즈, 500% 넘게 올랐지만 주가 더 간다-유안타"
https://finance.naver.com/news/news_read.nhn?article_id=0004883039&office_id=018&mode=LSS3D&type=0&section_id=101&section_id2=258&section_id3=402&date=20210324&page=6 ,'금리 상승 완만해질 것…성장주 단기 반등 예상'>금리 상승 완만해질 것…성장주 단기 반등 예상
https://finance.naver.com/news/news_read.nhn?article_id=0004561824&office_id=008&mode=LSS3D&type=0&section_id=101&section_id2=258&section_id3=402&date=20210324&page=6 ,"'골프존, 올해부터 본격 증익 구간 진입-리딩투자'>골프존, 올해부터 본격 증익 구간 진입-리딩투자"
https://finance.naver.com/news/news_read.nhn?article_id=0004768229&office_id=009&mode=LSS3D&type=0&section_id=101&section_id2=258&section_id3=402&date=20210324&page=6 ,"스튜디오산타클로스, 넥스턴 인수 잔금 420억원 조기납입>스튜디오산타클로스, 넥스턴 인수 잔금 420억원 조기납입"
https://finance.naver.com/news/news_read.nhn?article_id=0004883032&office_id=018&mode=LSS3D&type=0&section_id=101&section_id2=258&section_id3=402&date=20210324&page=6 ,"SK하이닉스, 반도체 2차 빅사이클 진입…목표가 ↑ -현대차>SK하이닉스, 반도체 2차 빅사이클 진입…목표가 ↑ -현대차"
https://finance.naver.com/news/news_read.nhn?article_id=0004883028&office_id=018&mode=LSS3D&type=0&section_id=101&section_id2=258&section_id3=402&date=20210324&page=6 ,"아이원스, 원가 개선에 슈퍼사이클까지…목표가 신규제시-하나>아이원스, 원가 개선에 슈퍼사이클까지…목표가 신규제시-하나"
https://finance.naver.com/news/news_read.nhn?article_id=0004561819&office_id=008&mode=LSS3D&type=0&section_id=101&section_id2=258&section_id3=402&date=20210324&page=6 ,"삼성전기, 실적 상향 가능성 비해 주가 하락 과도-NH>삼성전기, 실적 상향 가능성 비해 주가 하락 과도-NH"
https://finance.naver.com/news/news_read.nhn?article_id=0004606787&office_id=014&mode=LSS3D&type=0&section_id=101&section_id2=258&section_id3=402&date=20210324&page=6 ,"'사상 최대 매출' 젬백스, 투자주의환기종목 해제>'사상 최대 매출' 젬백스, 투자주의환기종목 해제"
https://finance.naver.com/news/news_read.nhn?article_id=0004606786&office_id=014&mode=LSS3D&type=0&section_id=101&section_id2=258&section_id3=402&date=20210324&page=6 ,'KEC 지난해 영업손실 65% 이상 축소'>KEC 지난해 영업손실 65% 이상 축소
https://finance.naver.com/news/news_read.nhn?article_id=0003887215&office_id=011&mode=LSS3D&type=0&section_id=101&section_id2=258&section_id3=402&date=20210324&page=6 ,"SK하이닉스, 1Q 어닝 서프라이즈 기대...목표가 17만원>SK하이닉스, 1Q 어닝 서프라이즈 기대...목표가 17만원"
https://finance.naver.com/news/news_read.nhn?article_id=0012279410&office_id=001&mode=LSS3D&type=0&section_id=101&section_id2=258&section_id3=402&date=20210324&page=6 ,[그래픽] 자산운용사 손익현황>[그래픽] 자산운용사 손익현황
https://finance.naver.com/news/news_read.nhn?article_id=0004883014&office_id=018&mode=LSS3D&type=0&section_id=101&section_id2=258&section_id3=402&date=20210324&page=6 ,"삼성전기, 1분기 영업이익 시장 전망 넘어설 것-NH>삼성전기, 1분기 영업이익 시장 전망 넘어설 것-NH"
https://finance.naver.com/news/news_read.nhn?article_id=0004883008&office_id=018&mode=LSS3D&type=0&section_id=101&section_id2=258&section_id3=402&date=20210324&page=6 ,"엔씨소프트, 신작 기대감 반영될 시점-KB>엔씨소프트, 신작 기대감 반영될 시점-KB"
https://finance.naver.com/news/news_read.nhn?article_id=0004518220&office_id=015&mode=LSS3D&type=0&section_id=101&section_id2=258&section_id3=402&date=20210324&page=6 ,"대웅제약, 에볼루스와 합의 계약 체결…300억원·지원금 지급>대웅제약, 에볼루스와 합의 계약 체결…300억원·지원금 지급"
https://finance.naver.com/news/news_read.nhn?article_id=0004606776&office_id=014&mode=LSS3D&type=0&section_id=101&section_id2=258&section_id3=402&date=20210324&page=6 ,"KT, '스튜디오지니'로 컨텐츠 통한 5G 주도권 지킬 전망-대신>KT, '스튜디오지니'로 컨텐츠 통한 5G 주도권 지킬 전망-대신"
https://finance.naver.com/news/news_read.nhn?article_id=0004870989&office_id=277&mode=LSS3D&type=0&section_id=101&section_id2=258&section_id3=402&date=20210324&page=6 ,"'젬백스, 투자주의환기종목 해제…올해 호실적 이어갈 것'>젬백스, 투자주의환기종목 해제…올해 호실적 이어갈 것"
https://finance.naver.com/news/news_read.nhn?article_id=0004883001&office_id=018&mode=LSS3D&type=0&section_id=101&section_id2=258&section_id3=402&date=20210324&page=6 ,"바텍, 임플란트 이어 텐탈장비 수요 증가…목표가↑-하나>바텍, 임플란트 이어 텐탈장비 수요 증가…목표가↑-하나"
https://finance.naver.com/news/news_read.nhn?article_id=0004606771&office_id=014&mode=LSS3D&type=0&section_id=101&section_id2=258&section_id3=402&date=20210324&page=6 ,"스튜디오산타클로스, 넥스턴 인수 잔금 420억 조기지급>스튜디오산타클로스, 넥스턴 인수 잔금 420억 조기지급"
https://finance.naver.com/news/news_read.nhn?article_id=0004870980&office_id=277&mode=LSS3D&type=0&section_id=101&section_id2=258&section_id3=402&date=20210324&page=6 ,"[클릭 e종목]“데브시스터즈, ‘쿠키런:킹덤’ 흥행 이어간다”>[클릭 e종목]“데브시스터즈, ‘쿠키런:킹덤’ 흥행 이어간다”"
https://finance.naver.com/news/news_read.nhn?article_id=0004606770&office_id=014&mode=LSS3D&type=0&section_id=101&section_id2=258&section_id3=402&date=20210324&page=6 ,"제이콘텐트리, 올해 올해 양적·질적 성장 모두 기대-유진>제이콘텐트리, 올해 올해 양적·질적 성장 모두 기대-유진"
https://finance.naver.com/news/news_read.nhn?article_id=0004606764&office_id=014&mode=LSS3D&type=0&section_id=101&section_id2=258&section_id3=402&date=20210324&page=7 ,"원익QnC, 1·4분기 사상 최대 실적 갱신 전망-유안타>원익QnC, 1·4분기 사상 최대 실적 갱신 전망-유안타"
https://finance.naver.com/news/news_read.nhn?article_id=0004518210&office_id=015&mode=LSS3D&type=0&section_id=101&section_id2=258&section_id3=402&date=20210324&page=7 ,'스튜디오산타클로스 넥스턴 인수대금 납입 완료'>스튜디오산타클로스 넥스턴 인수대금 납입 완료
https://finance.naver.com/news/news_read.nhn?article_id=0004870977&office_id=277&mode=LSS3D&type=0&section_id=101&section_id2=258&section_id3=402&date=20210324&page=7 ,"'[클릭 e종목]서진시스템, 통신 장비·2차전지 부품 성장 기대'>[클릭 e종목]서진시스템, 통신 장비·2차전지 부품 성장 기대"
https://finance.naver.com/news/news_read.nhn?article_id=0004870971&office_id=277&mode=LSS3D&type=0&section_id=101&section_id2=258&section_id3=402&date=20210324&page=7 ,규제 반사이익… 고가 오피스텔 거래량 증가>규제 반사이익… 고가 오피스텔 거래량 증가
https://finance.naver.com/news/news_read.nhn?article_id=0004882988&office_id=018&mode=LSS3D&type=0&section_id=101&section_id2=258&section_id3=402&date=20210324&page=7 ,"서진시스템, 5G 투자 활성화 따른 동반 성장 기대 -메리츠>서진시스템, 5G 투자 활성화 따른 동반 성장 기대 -메리츠"
https://finance.naver.com/news/news_read.nhn?article_id=0004882985&office_id=018&mode=LSS3D&type=0&section_id=101&section_id2=258&section_id3=402&date=20210324&page=7 ,"루시드모터스, 테슬라 DNA 품은 전기차 스타트업-하나>루시드모터스, 테슬라 DNA 품은 전기차 스타트업-하나"
https://finance.naver.com/news/news_read.nhn?article_id=0004882983&office_id=018&mode=LSS3D&type=0&section_id=101&section_id2=258&section_id3=402&date=20210324&page=7 ,"제이콘텐트리, 방송부문 양적·질적 성장 예상…목표가↑ -유진>제이콘텐트리, 방송부문 양적·질적 성장 예상…목표가↑ -유진"
https://finance.naver.com/news/news_read.nhn?article_id=0004882982&office_id=018&mode=LSS3D&type=0&section_id=101&section_id2=258&section_id3=402&date=20210324&page=7 ,"LG상사, 年영업익·판토스 상장 기대감…목표가↑-NH>LG상사, 年영업익·판토스 상장 기대감…목표가↑-NH"
https://finance.naver.com/news/news_read.nhn?article_id=0003887206&office_id=011&mode=LSS3D&type=0&section_id=101&section_id2=258&section_id3=402&date=20210324&page=7 ,경기민감株 지금 사면 뒷북일까... “2분기까지 대세”>경기민감株 지금 사면 뒷북일까... “2분기까지 대세”
https://finance.naver.com/news/news_read.nhn?article_id=0004882980&office_id=018&mode=LSS3D&type=0&section_id=101&section_id2=258&section_id3=402&date=20210324&page=7 ,"삼성전자, 2Q 메모리가격 본격상승에 실적 증가 기여 -NH>삼성전자, 2Q 메모리가격 본격상승에 실적 증가 기여 -NH"
https://finance.naver.com/news/news_read.nhn?article_id=0004882979&office_id=018&mode=LSS3D&type=0&section_id=101&section_id2=258&section_id3=402&date=20210324&page=7 ,"원익QnC, 1분기 사상 최대실적 전망…목표가↑-유안타>원익QnC, 1분기 사상 최대실적 전망…목표가↑-유안타"
https://finance.naver.com/news/news_read.nhn?article_id=0003887205&office_id=011&mode=LSS3D&type=0&section_id=101&section_id2=258&section_id3=402&date=20210324&page=7 ,"KT, 통신사에서 콘텐츠기업으로 거듭날까...투자의견 '매수'>KT, 통신사에서 콘텐츠기업으로 거듭날까...투자의견 '매수'"
https://finance.naver.com/news/news_read.nhn?article_id=0004882974&office_id=018&mode=LSS3D&type=0&section_id=101&section_id2=258&section_id3=402&date=20210324&page=7 ,"팬오션, BDI상승으로 추가 실적 개선 기대…목표가↑-신영>팬오션, BDI상승으로 추가 실적 개선 기대…목표가↑-신영"
https://finance.naver.com/news/news_read.nhn?article_id=0004606748&office_id=014&mode=LSS3D&type=0&section_id=101&section_id2=258&section_id3=402&date=20210324&page=7 ,[원자재시황] 유가 급락..WTI 6.2%↓ '코로나 리스크 과소평가했나'>[원자재시황] 유가 급락..WTI 6.2%↓ '코로나 리스크 과소평가했나'
https://finance.naver.com/news/news_read.nhn?article_id=0004882971&office_id=018&mode=LSS3D&type=0&section_id=101&section_id2=258&section_id3=402&date=20210324&page=7 ,"와이더플래닛, 1분기 적자축소…성장 가속화 전망 -신한>와이더플래닛, 1분기 적자축소…성장 가속화 전망 -신한"
https://finance.naver.com/news/news_read.nhn?article_id=0004882961&office_id=018&mode=LSS3D&type=0&section_id=101&section_id2=258&section_id3=402&date=20210324&page=7 ,"데브시스터즈, 쿠키런:킹덤 흥행과 하반기 신작 모멘텀 '매수' -유안타>데브시스터즈, 쿠키런:킹덤 흥행과 하반기 신작 모멘텀 '매수' -유안타"
https://finance.naver.com/news/news_read.nhn?article_id=0004870941&office_id=277&mode=LSS3D&type=0&section_id=101&section_id2=258&section_id3=402&date=20210324&page=7 ,[클릭 e종목]“여전히 싼 팬오션…목표가 21%↑”>[클릭 e종목]“여전히 싼 팬오션…목표가 21%↑”
https://finance.naver.com/news/news_read.nhn?article_id=0004606743&office_id=014&mode=LSS3D&type=0&section_id=101&section_id2=258&section_id3=402&date=20210324&page=7 ,[유럽증시] 코로나19 3차 파동 우려에 약세>[유럽증시] 코로나19 3차 파동 우려에 약세
https://finance.naver.com/news/news_read.nhn?article_id=0004606741&office_id=014&mode=LSS3D&type=0&section_id=101&section_id2=258&section_id3=402&date=20210324&page=7 ,[뉴욕증시] 코로나19 재유행 우려에 다우 0.94%↓>[뉴욕증시] 코로나19 재유행 우려에 다우 0.94%↓
https://finance.naver.com/news/news_read.nhn?article_id=0004882957&office_id=018&mode=LSS3D&type=0&section_id=101&section_id2=258&section_id3=402&date=20210324&page=7 ,"팬오션, 드라이벌크 시장 운임 구조적 상승…목표가↑-신영>팬오션, 드라이벌크 시장 운임 구조적 상승…목표가↑-신영"
https://finance.naver.com/news/news_read.nhn?article_id=0003887188&office_id=011&mode=LSS3D&type=0&section_id=101&section_id2=258&section_id3=402&date=20210324&page=8 ,"[기업공시 3월 23일]만도,  불성실공시법인 지정 예고 등>[기업공시 3월 23일]만도,  불성실공시법인 지정 예고 등"
https://finance.naver.com/news/news_read.nhn?article_id=0004606725&office_id=014&mode=LSS3D&type=0&section_id=101&section_id2=258&section_id3=402&date=20210324&page=8 ,청개구리 쿠팡? 뉴욕증시 하락장에도 나홀로 상승>청개구리 쿠팡? 뉴욕증시 하락장에도 나홀로 상승
https://finance.naver.com/news/news_read.nhn?article_id=0004606701&office_id=014&mode=LSS3D&type=0&section_id=101&section_id2=258&section_id3=402&date=20210324&page=8 ,작년 자산운용사 순익 62%↑…적자회사 큰 폭 줄어>작년 자산운용사 순익 62%↑…적자회사 큰 폭 줄어
https://finance.naver.com/news/news_read.nhn?article_id=0004518171&office_id=015&mode=LSS3D&type=0&section_id=101&section_id2=258&section_id3=402&date=20210324&page=8 ,"지어소프트, 1년새 기업가치 125% 뛴 '오아시스' 덕에 활짝[분석+]>지어소프트, 1년새 기업가치 125% 뛴 '오아시스' 덕에 활짝[분석+]"
https://finance.naver.com/news/news_read.nhn?article_id=0004768081&office_id=009&mode=LSS3D&type=0&section_id=101&section_id2=258&section_id3=402&date=20210324&page=8 ,"국민연금, 금호석유화학 경영권 분쟁서 박찬구 회장지지>국민연금, 금호석유화학 경영권 분쟁서 박찬구 회장지지"
